--
-- PostgreSQL database dump
--

-- Dumped from database version 12.1
-- Dumped by pg_dump version 12.1

SET statement_timeout = 0;
SET lock_timeout = 0;
SET idle_in_transaction_session_timeout = 0;
SET client_encoding = 'UTF8';
SET standard_conforming_strings = on;
SELECT pg_catalog.set_config('search_path', '', false);
SET check_function_bodies = false;
SET xmloption = content;
SET client_min_messages = warning;
SET row_security = off;

SET default_tablespace = '';

SET default_table_access_method = heap;

--
-- Name: ar_internal_metadata; Type: TABLE; Schema: public; Owner: marcusjensen
--

CREATE TABLE public.ar_internal_metadata (
    key character varying NOT NULL,
    value character varying,
    created_at timestamp without time zone NOT NULL,
    updated_at timestamp without time zone NOT NULL
);


ALTER TABLE public.ar_internal_metadata OWNER TO marcusjensen;

--
-- Name: products; Type: TABLE; Schema: public; Owner: marcusjensen
--

CREATE TABLE public.products (
    id bigint NOT NULL,
    name character varying,
    cost double precision,
    country_of_origin character varying,
    created_at timestamp without time zone NOT NULL,
    updated_at timestamp without time zone NOT NULL
);


ALTER TABLE public.products OWNER TO marcusjensen;

--
-- Name: products_id_seq; Type: SEQUENCE; Schema: public; Owner: marcusjensen
--

CREATE SEQUENCE public.products_id_seq
    START WITH 1
    INCREMENT BY 1
    NO MINVALUE
    NO MAXVALUE
    CACHE 1;


ALTER TABLE public.products_id_seq OWNER TO marcusjensen;

--
-- Name: products_id_seq; Type: SEQUENCE OWNED BY; Schema: public; Owner: marcusjensen
--

ALTER SEQUENCE public.products_id_seq OWNED BY public.products.id;


--
-- Name: reviews; Type: TABLE; Schema: public; Owner: marcusjensen
--

CREATE TABLE public.reviews (
    id bigint NOT NULL,
    author character varying,
    content_body character varying,
    rating integer,
    product_id integer
);


ALTER TABLE public.reviews OWNER TO marcusjensen;

--
-- Name: reviews_id_seq; Type: SEQUENCE; Schema: public; Owner: marcusjensen
--

CREATE SEQUENCE public.reviews_id_seq
    START WITH 1
    INCREMENT BY 1
    NO MINVALUE
    NO MAXVALUE
    CACHE 1;


ALTER TABLE public.reviews_id_seq OWNER TO marcusjensen;

--
-- Name: reviews_id_seq; Type: SEQUENCE OWNED BY; Schema: public; Owner: marcusjensen
--

ALTER SEQUENCE public.reviews_id_seq OWNED BY public.reviews.id;


--
-- Name: schema_migrations; Type: TABLE; Schema: public; Owner: marcusjensen
--

CREATE TABLE public.schema_migrations (
    version character varying NOT NULL
);


ALTER TABLE public.schema_migrations OWNER TO marcusjensen;

--
-- Name: products id; Type: DEFAULT; Schema: public; Owner: marcusjensen
--

ALTER TABLE ONLY public.products ALTER COLUMN id SET DEFAULT nextval('public.products_id_seq'::regclass);


--
-- Name: reviews id; Type: DEFAULT; Schema: public; Owner: marcusjensen
--

ALTER TABLE ONLY public.reviews ALTER COLUMN id SET DEFAULT nextval('public.reviews_id_seq'::regclass);


--
-- Data for Name: ar_internal_metadata; Type: TABLE DATA; Schema: public; Owner: marcusjensen
--

COPY public.ar_internal_metadata (key, value, created_at, updated_at) FROM stdin;
environment	development	2020-01-17 19:33:13.434454	2020-01-17 19:33:13.434454
\.


--
-- Data for Name: products; Type: TABLE DATA; Schema: public; Owner: marcusjensen
--

COPY public.products (id, name, cost, country_of_origin, created_at, updated_at) FROM stdin;
271	Curry Mild	9	Fun	2020-01-18 02:27:44.796105	2020-01-18 02:27:44.796105
273	Mulled Cider Spices	41	Fun	2020-01-18 02:27:44.824979	2020-01-18 02:27:44.824979
274	Curry Madras Medium	0	Fun	2020-01-18 02:27:44.839628	2020-01-18 02:27:44.839628
275	Sage	15	Fun	2020-01-18 02:27:44.855206	2020-01-18 02:27:44.855206
276	Arrowroot	34	Fun	2020-01-18 02:27:44.868812	2020-01-18 02:27:44.868812
277	Cumin Ground	5	Fun	2020-01-18 02:27:44.883318	2020-01-18 02:27:44.883318
278	Pimento Ground	14	Fun	2020-01-18 02:27:44.897	2020-01-18 02:27:44.897
279	Parsley	21	Fun	2020-01-18 02:27:44.912085	2020-01-18 02:27:44.912085
280	Cayenne Pepper	11	Fun	2020-01-18 02:27:44.926261	2020-01-18 02:27:44.926261
281	Peppercorns Green	48	Fun	2020-01-18 02:27:44.950304	2020-01-18 02:27:44.950304
282	Cayenne Pepper	8	Fun	2020-01-18 02:27:44.96682	2020-01-18 02:27:44.96682
283	Zahtar Spice Mix	44	Fun	2020-01-18 02:27:44.982048	2020-01-18 02:27:44.982048
284	Mace Ground	12	Fun	2020-01-18 02:27:44.996877	2020-01-18 02:27:44.996877
285	Garlic Salt	2	Fun	2020-01-18 02:27:45.011389	2020-01-18 02:27:45.011389
286	Balti Stir Fry Mix	21	Fun	2020-01-18 02:27:45.027674	2020-01-18 02:27:45.027674
287	Bay Leaves	7	Fun	2020-01-18 02:27:45.044425	2020-01-18 02:27:45.044425
288	Garam Masala	8	Fun	2020-01-18 02:27:45.059127	2020-01-18 02:27:45.059127
289	Mustard Powder	7	Fun	2020-01-18 02:27:45.073027	2020-01-18 02:27:45.073027
290	Cumin Ground	19	Fun	2020-01-18 02:27:45.08872	2020-01-18 02:27:45.08872
291	Cumin Ground	14	Fun	2020-01-18 02:27:45.102557	2020-01-18 02:27:45.102557
292	Curry Leaves	24	Fun	2020-01-18 02:27:45.117862	2020-01-18 02:27:45.117862
293	Pimento Ground	24	Fun	2020-01-18 02:27:45.13319	2020-01-18 02:27:45.13319
294	Baharat	37	Fun	2020-01-18 02:27:45.149904	2020-01-18 02:27:45.149904
295	Mustard Seed Black	6	Fun	2020-01-18 02:27:45.164682	2020-01-18 02:27:45.164682
296	Vanilla Bean	22	Fun	2020-01-18 02:27:45.178778	2020-01-18 02:27:45.178778
297	Chervil	20	Fun	2020-01-18 02:27:45.193481	2020-01-18 02:27:45.193481
298	Amchoor	30	Fun	2020-01-18 02:27:45.208374	2020-01-18 02:27:45.208374
299	Galangal Ground	14	Fun	2020-01-18 02:27:45.223396	2020-01-18 02:27:45.223396
300	Mint	0	Fun	2020-01-18 02:27:45.237801	2020-01-18 02:27:45.237801
301	Cloves Whole	8	Fun	2020-01-18 02:27:45.252829	2020-01-18 02:27:45.252829
302	Cassia	11	Fun	2020-01-18 02:27:45.267242	2020-01-18 02:27:45.267242
303	Marjoram	7	Fun	2020-01-18 02:27:45.282048	2020-01-18 02:27:45.282048
304	Garam Masala	41	Fun	2020-01-18 02:27:45.297165	2020-01-18 02:27:45.297165
305	Garlic Chips	10	Fun	2020-01-18 02:27:45.311408	2020-01-18 02:27:45.311408
306	Chervil	43	Fun	2020-01-18 02:27:45.326199	2020-01-18 02:27:45.326199
307	Mexican Salsa Mix	10	Fun	2020-01-18 02:27:45.340727	2020-01-18 02:27:45.340727
308	Fenugreek Seed	25	Fun	2020-01-18 02:27:45.355626	2020-01-18 02:27:45.355626
309	Thai Stir Fry	37	Fun	2020-01-18 02:27:45.371065	2020-01-18 02:27:45.371065
310	Marjoram	16	Fun	2020-01-18 02:27:45.38607	2020-01-18 02:27:45.38607
311	Lemon Grass Chopped	9	Fun	2020-01-18 02:27:45.400888	2020-01-18 02:27:45.400888
312	Mulled Wine Spices	36	Fun	2020-01-18 02:27:45.415498	2020-01-18 02:27:45.415498
313	Cardamom Whole	30	Fun	2020-01-18 02:27:45.429887	2020-01-18 02:27:45.429887
314	Paprika	10	Fun	2020-01-18 02:27:45.443595	2020-01-18 02:27:45.443595
315	Lemon Grass Chopped	41	Fun	2020-01-18 02:27:45.459837	2020-01-18 02:27:45.459837
316	German Chamomile	14	Fun	2020-01-18 02:27:45.476277	2020-01-18 02:27:45.476277
317	Juniper Berries	37	Fun	2020-01-18 02:27:45.494342	2020-01-18 02:27:45.494342
318	Tikka Masala Curry Powder	0	Fun	2020-01-18 02:27:45.508811	2020-01-18 02:27:45.508811
319	Methi	48	Fun	2020-01-18 02:27:45.524751	2020-01-18 02:27:45.524751
272	Ajwan Seed	48	Uuuuuu	2020-01-18 02:27:44.809876	2020-01-18 04:19:36.595505
270	Marcus Jensen	25	United States	2020-01-18 02:27:44.778598	2020-01-18 04:35:49.812673
\.


--
-- Data for Name: reviews; Type: TABLE DATA; Schema: public; Owner: marcusjensen
--

COPY public.reviews (id, author, content_body, rating, product_id) FROM stdin;
21	Cinnamon Sticks	lajsdfljadslfjaldjf;lakjdfl;kasdjflkajsdf;lkajsdfl;kajsdfl;ajksdf;lkjasdkl;fjasl;dfjaskl;dfjals;kdjflasjdf;laksdjflakjsdflkajsdfl;jas	4	270
22	Garam Masala	lajsdfljadslfjaldjf;lakjdfl;kasdjflkajsdf;lkajsdfl;kajsdfl;ajksdf;lkjasdkl;fjasl;dfjaskl;dfjals;kdjflasjdf;laksdjflakjsdflkajsdfl;jas	4	270
23	Steak Seasoning	lajsdfljadslfjaldjf;lakjdfl;kasdjflkajsdf;lkajsdfl;kajsdfl;ajksdf;lkjasdkl;fjasl;dfjaskl;dfjals;kdjflasjdf;laksdjflakjsdflkajsdfl;jas	4	270
24	Asafoetida	lajsdfljadslfjaldjf;lakjdfl;kasdjflkajsdf;lkajsdfl;kajsdfl;ajksdf;lkjasdkl;fjasl;dfjaskl;dfjals;kdjflasjdf;laksdjflakjsdflkajsdfl;jas	4	270
25	Aniseed Whole	lajsdfljadslfjaldjf;lakjdfl;kasdjflkajsdf;lkajsdfl;kajsdfl;ajksdf;lkjasdkl;fjasl;dfjaskl;dfjals;kdjflasjdf;laksdjflakjsdflkajsdfl;jas	4	270
26	Cayenne Pepper	lajsdfljadslfjaldjf;lakjdfl;kasdjflkajsdf;lkajsdfl;kajsdfl;ajksdf;lkjasdkl;fjasl;dfjaskl;dfjals;kdjflasjdf;laksdjflakjsdflkajsdfl;jas	4	271
27	Rogan Josh Mix	lajsdfljadslfjaldjf;lakjdfl;kasdjflkajsdf;lkajsdfl;kajsdfl;ajksdf;lkjasdkl;fjasl;dfjaskl;dfjals;kdjflasjdf;laksdjflakjsdflkajsdfl;jas	4	271
28	Green Cardamom	lajsdfljadslfjaldjf;lakjdfl;kasdjflkajsdf;lkajsdfl;kajsdfl;ajksdf;lkjasdkl;fjasl;dfjaskl;dfjals;kdjflasjdf;laksdjflakjsdflkajsdfl;jas	4	271
29	Biryani Spice Mix	lajsdfljadslfjaldjf;lakjdfl;kasdjflkajsdf;lkajsdfl;kajsdfl;ajksdf;lkjasdkl;fjasl;dfjaskl;dfjals;kdjflasjdf;laksdjflakjsdflkajsdfl;jas	4	271
30	Allspice Whole	lajsdfljadslfjaldjf;lakjdfl;kasdjflkajsdf;lkajsdfl;kajsdfl;ajksdf;lkjasdkl;fjasl;dfjaskl;dfjals;kdjflasjdf;laksdjflakjsdflkajsdfl;jas	4	271
31	Steak Seasoning	lajsdfljadslfjaldjf;lakjdfl;kasdjflkajsdf;lkajsdfl;kajsdfl;ajksdf;lkjasdkl;fjasl;dfjaskl;dfjals;kdjflasjdf;laksdjflakjsdflkajsdfl;jas	4	272
32	Arrowroot	lajsdfljadslfjaldjf;lakjdfl;kasdjflkajsdf;lkajsdfl;kajsdfl;ajksdf;lkjasdkl;fjasl;dfjaskl;dfjals;kdjflasjdf;laksdjflakjsdflkajsdfl;jas	4	272
33	Sage	lajsdfljadslfjaldjf;lakjdfl;kasdjflkajsdf;lkajsdfl;kajsdfl;ajksdf;lkjasdkl;fjasl;dfjaskl;dfjals;kdjflasjdf;laksdjflakjsdflkajsdfl;jas	4	272
34	Lemon Grass Chopped	lajsdfljadslfjaldjf;lakjdfl;kasdjflkajsdf;lkajsdfl;kajsdfl;ajksdf;lkjasdkl;fjasl;dfjaskl;dfjals;kdjflasjdf;laksdjflakjsdflkajsdfl;jas	4	272
35	Allspice Whole	lajsdfljadslfjaldjf;lakjdfl;kasdjflkajsdf;lkajsdfl;kajsdfl;ajksdf;lkjasdkl;fjasl;dfjaskl;dfjals;kdjflasjdf;laksdjflakjsdflkajsdfl;jas	4	272
36	Mixed Herbs	lajsdfljadslfjaldjf;lakjdfl;kasdjflkajsdf;lkajsdfl;kajsdfl;ajksdf;lkjasdkl;fjasl;dfjaskl;dfjals;kdjflasjdf;laksdjflakjsdflkajsdfl;jas	4	273
37	Thyme	lajsdfljadslfjaldjf;lakjdfl;kasdjflkajsdf;lkajsdfl;kajsdfl;ajksdf;lkjasdkl;fjasl;dfjaskl;dfjals;kdjflasjdf;laksdjflakjsdflkajsdfl;jas	4	273
38	Green Cardamom	lajsdfljadslfjaldjf;lakjdfl;kasdjflkajsdf;lkajsdfl;kajsdfl;ajksdf;lkjasdkl;fjasl;dfjaskl;dfjals;kdjflasjdf;laksdjflakjsdflkajsdfl;jas	4	273
39	Achiote Seed	lajsdfljadslfjaldjf;lakjdfl;kasdjflkajsdf;lkajsdfl;kajsdfl;ajksdf;lkjasdkl;fjasl;dfjaskl;dfjals;kdjflasjdf;laksdjflakjsdflkajsdfl;jas	4	273
40	Mixed Herbs	lajsdfljadslfjaldjf;lakjdfl;kasdjflkajsdf;lkajsdfl;kajsdfl;ajksdf;lkjasdkl;fjasl;dfjaskl;dfjals;kdjflasjdf;laksdjflakjsdflkajsdfl;jas	4	273
41	Pepper Black Coarse	lajsdfljadslfjaldjf;lakjdfl;kasdjflkajsdf;lkajsdfl;kajsdfl;ajksdf;lkjasdkl;fjasl;dfjaskl;dfjals;kdjflasjdf;laksdjflakjsdflkajsdfl;jas	4	274
42	Biryani Spice Mix	lajsdfljadslfjaldjf;lakjdfl;kasdjflkajsdf;lkajsdfl;kajsdfl;ajksdf;lkjasdkl;fjasl;dfjaskl;dfjals;kdjflasjdf;laksdjflakjsdflkajsdfl;jas	4	274
43	Sweet Basil	lajsdfljadslfjaldjf;lakjdfl;kasdjflkajsdf;lkajsdfl;kajsdfl;ajksdf;lkjasdkl;fjasl;dfjaskl;dfjals;kdjflasjdf;laksdjflakjsdflkajsdfl;jas	4	274
44	Kaffir Leaves	lajsdfljadslfjaldjf;lakjdfl;kasdjflkajsdf;lkajsdfl;kajsdfl;ajksdf;lkjasdkl;fjasl;dfjaskl;dfjals;kdjflasjdf;laksdjflakjsdflkajsdfl;jas	4	274
45	Green Cardamom	lajsdfljadslfjaldjf;lakjdfl;kasdjflkajsdf;lkajsdfl;kajsdfl;ajksdf;lkjasdkl;fjasl;dfjaskl;dfjals;kdjflasjdf;laksdjflakjsdflkajsdfl;jas	4	274
46	Thai Stir Fry	lajsdfljadslfjaldjf;lakjdfl;kasdjflkajsdf;lkajsdfl;kajsdfl;ajksdf;lkjasdkl;fjasl;dfjaskl;dfjals;kdjflasjdf;laksdjflakjsdflkajsdfl;jas	4	275
47	Cloves Whole	lajsdfljadslfjaldjf;lakjdfl;kasdjflkajsdf;lkajsdfl;kajsdfl;ajksdf;lkjasdkl;fjasl;dfjaskl;dfjals;kdjflasjdf;laksdjflakjsdflkajsdfl;jas	4	275
48	Mustard Seed Black	lajsdfljadslfjaldjf;lakjdfl;kasdjflkajsdf;lkajsdfl;kajsdfl;ajksdf;lkjasdkl;fjasl;dfjaskl;dfjals;kdjflasjdf;laksdjflakjsdflkajsdfl;jas	4	275
49	Sweet Laurel	lajsdfljadslfjaldjf;lakjdfl;kasdjflkajsdf;lkajsdfl;kajsdfl;ajksdf;lkjasdkl;fjasl;dfjaskl;dfjals;kdjflasjdf;laksdjflakjsdflkajsdfl;jas	4	275
50	Peppercorns Black	lajsdfljadslfjaldjf;lakjdfl;kasdjflkajsdf;lkajsdfl;kajsdfl;ajksdf;lkjasdkl;fjasl;dfjaskl;dfjals;kdjflasjdf;laksdjflakjsdflkajsdfl;jas	4	275
51	Lamb Seasoning	lajsdfljadslfjaldjf;lakjdfl;kasdjflkajsdf;lkajsdfl;kajsdfl;ajksdf;lkjasdkl;fjasl;dfjaskl;dfjals;kdjflasjdf;laksdjflakjsdflkajsdfl;jas	4	276
52	Celery Salt	lajsdfljadslfjaldjf;lakjdfl;kasdjflkajsdf;lkajsdfl;kajsdfl;ajksdf;lkjasdkl;fjasl;dfjaskl;dfjals;kdjflasjdf;laksdjflakjsdflkajsdfl;jas	4	276
53	Lemon Grass Chopped	lajsdfljadslfjaldjf;lakjdfl;kasdjflkajsdf;lkajsdfl;kajsdfl;ajksdf;lkjasdkl;fjasl;dfjaskl;dfjals;kdjflasjdf;laksdjflakjsdflkajsdfl;jas	4	276
54	Cinnamon Sticks	lajsdfljadslfjaldjf;lakjdfl;kasdjflkajsdf;lkajsdfl;kajsdfl;ajksdf;lkjasdkl;fjasl;dfjaskl;dfjals;kdjflasjdf;laksdjflakjsdflkajsdfl;jas	4	276
55	Arrowroot	lajsdfljadslfjaldjf;lakjdfl;kasdjflkajsdf;lkajsdfl;kajsdfl;ajksdf;lkjasdkl;fjasl;dfjaskl;dfjals;kdjflasjdf;laksdjflakjsdflkajsdfl;jas	4	276
56	Anise	lajsdfljadslfjaldjf;lakjdfl;kasdjflkajsdf;lkajsdfl;kajsdfl;ajksdf;lkjasdkl;fjasl;dfjaskl;dfjals;kdjflasjdf;laksdjflakjsdflkajsdfl;jas	4	277
57	Kaffir Leaves	lajsdfljadslfjaldjf;lakjdfl;kasdjflkajsdf;lkajsdfl;kajsdfl;ajksdf;lkjasdkl;fjasl;dfjaskl;dfjals;kdjflasjdf;laksdjflakjsdflkajsdfl;jas	4	277
58	Korma Curry Powder	lajsdfljadslfjaldjf;lakjdfl;kasdjflkajsdf;lkajsdfl;kajsdfl;ajksdf;lkjasdkl;fjasl;dfjaskl;dfjals;kdjflasjdf;laksdjflakjsdflkajsdfl;jas	4	277
59	Cloves Whole	lajsdfljadslfjaldjf;lakjdfl;kasdjflkajsdf;lkajsdfl;kajsdfl;ajksdf;lkjasdkl;fjasl;dfjaskl;dfjals;kdjflasjdf;laksdjflakjsdflkajsdfl;jas	4	277
60	Fennel Seed	lajsdfljadslfjaldjf;lakjdfl;kasdjflkajsdf;lkajsdfl;kajsdfl;ajksdf;lkjasdkl;fjasl;dfjaskl;dfjals;kdjflasjdf;laksdjflakjsdflkajsdfl;jas	4	277
61	Rice Paper	lajsdfljadslfjaldjf;lakjdfl;kasdjflkajsdf;lkajsdfl;kajsdfl;ajksdf;lkjasdkl;fjasl;dfjaskl;dfjals;kdjflasjdf;laksdjflakjsdflkajsdfl;jas	4	278
62	Rice Paper	lajsdfljadslfjaldjf;lakjdfl;kasdjflkajsdf;lkajsdfl;kajsdfl;ajksdf;lkjasdkl;fjasl;dfjaskl;dfjals;kdjflasjdf;laksdjflakjsdflkajsdfl;jas	4	278
63	Spearmint	lajsdfljadslfjaldjf;lakjdfl;kasdjflkajsdf;lkajsdfl;kajsdfl;ajksdf;lkjasdkl;fjasl;dfjaskl;dfjals;kdjflasjdf;laksdjflakjsdflkajsdfl;jas	4	278
64	Chilli Ground	lajsdfljadslfjaldjf;lakjdfl;kasdjflkajsdf;lkajsdfl;kajsdfl;ajksdf;lkjasdkl;fjasl;dfjaskl;dfjals;kdjflasjdf;laksdjflakjsdflkajsdfl;jas	4	278
65	Sage	lajsdfljadslfjaldjf;lakjdfl;kasdjflkajsdf;lkajsdfl;kajsdfl;ajksdf;lkjasdkl;fjasl;dfjaskl;dfjals;kdjflasjdf;laksdjflakjsdflkajsdfl;jas	4	278
66	Korma Mix	lajsdfljadslfjaldjf;lakjdfl;kasdjflkajsdf;lkajsdfl;kajsdfl;ajksdf;lkjasdkl;fjasl;dfjaskl;dfjals;kdjflasjdf;laksdjflakjsdflkajsdfl;jas	4	279
67	Rice Paper	lajsdfljadslfjaldjf;lakjdfl;kasdjflkajsdf;lkajsdfl;kajsdfl;ajksdf;lkjasdkl;fjasl;dfjaskl;dfjals;kdjflasjdf;laksdjflakjsdflkajsdfl;jas	4	279
68	Garlic Powder	lajsdfljadslfjaldjf;lakjdfl;kasdjflkajsdf;lkajsdfl;kajsdfl;ajksdf;lkjasdkl;fjasl;dfjaskl;dfjals;kdjflasjdf;laksdjflakjsdflkajsdfl;jas	4	279
69	Ajwain Seed	lajsdfljadslfjaldjf;lakjdfl;kasdjflkajsdf;lkajsdfl;kajsdfl;ajksdf;lkjasdkl;fjasl;dfjaskl;dfjals;kdjflasjdf;laksdjflakjsdflkajsdfl;jas	4	279
70	Garlic Salt	lajsdfljadslfjaldjf;lakjdfl;kasdjflkajsdf;lkajsdfl;kajsdfl;ajksdf;lkjasdkl;fjasl;dfjaskl;dfjals;kdjflasjdf;laksdjflakjsdflkajsdfl;jas	4	279
71	Sage	lajsdfljadslfjaldjf;lakjdfl;kasdjflkajsdf;lkajsdfl;kajsdfl;ajksdf;lkjasdkl;fjasl;dfjaskl;dfjals;kdjflasjdf;laksdjflakjsdflkajsdfl;jas	4	280
72	Orange Zest	lajsdfljadslfjaldjf;lakjdfl;kasdjflkajsdf;lkajsdfl;kajsdfl;ajksdf;lkjasdkl;fjasl;dfjaskl;dfjals;kdjflasjdf;laksdjflakjsdflkajsdfl;jas	4	280
73	Dill Herb	lajsdfljadslfjaldjf;lakjdfl;kasdjflkajsdf;lkajsdfl;kajsdfl;ajksdf;lkjasdkl;fjasl;dfjaskl;dfjals;kdjflasjdf;laksdjflakjsdflkajsdfl;jas	4	280
74	Cinnamon Ground	lajsdfljadslfjaldjf;lakjdfl;kasdjflkajsdf;lkajsdfl;kajsdfl;ajksdf;lkjasdkl;fjasl;dfjaskl;dfjals;kdjflasjdf;laksdjflakjsdflkajsdfl;jas	4	280
75	Garlic Granules	lajsdfljadslfjaldjf;lakjdfl;kasdjflkajsdf;lkajsdfl;kajsdfl;ajksdf;lkjasdkl;fjasl;dfjaskl;dfjals;kdjflasjdf;laksdjflakjsdflkajsdfl;jas	4	280
76	Curry Leaves	lajsdfljadslfjaldjf;lakjdfl;kasdjflkajsdf;lkajsdfl;kajsdfl;ajksdf;lkjasdkl;fjasl;dfjaskl;dfjals;kdjflasjdf;laksdjflakjsdflkajsdfl;jas	4	281
77	Peppercorns White	lajsdfljadslfjaldjf;lakjdfl;kasdjflkajsdf;lkajsdfl;kajsdfl;ajksdf;lkjasdkl;fjasl;dfjaskl;dfjals;kdjflasjdf;laksdjflakjsdflkajsdfl;jas	4	281
78	Ras-el-Hanout	lajsdfljadslfjaldjf;lakjdfl;kasdjflkajsdf;lkajsdfl;kajsdfl;ajksdf;lkjasdkl;fjasl;dfjaskl;dfjals;kdjflasjdf;laksdjflakjsdflkajsdfl;jas	4	281
79	Nutmeg Ground	lajsdfljadslfjaldjf;lakjdfl;kasdjflkajsdf;lkajsdfl;kajsdfl;ajksdf;lkjasdkl;fjasl;dfjaskl;dfjals;kdjflasjdf;laksdjflakjsdflkajsdfl;jas	4	281
80	Amchoor	lajsdfljadslfjaldjf;lakjdfl;kasdjflkajsdf;lkajsdfl;kajsdfl;ajksdf;lkjasdkl;fjasl;dfjaskl;dfjals;kdjflasjdf;laksdjflakjsdflkajsdfl;jas	4	281
81	Nutmeg Ground	lajsdfljadslfjaldjf;lakjdfl;kasdjflkajsdf;lkajsdfl;kajsdfl;ajksdf;lkjasdkl;fjasl;dfjaskl;dfjals;kdjflasjdf;laksdjflakjsdflkajsdfl;jas	4	282
82	French Lavender	lajsdfljadslfjaldjf;lakjdfl;kasdjflkajsdf;lkajsdfl;kajsdfl;ajksdf;lkjasdkl;fjasl;dfjaskl;dfjals;kdjflasjdf;laksdjflakjsdflkajsdfl;jas	4	282
83	Cumin Ground	lajsdfljadslfjaldjf;lakjdfl;kasdjflkajsdf;lkajsdfl;kajsdfl;ajksdf;lkjasdkl;fjasl;dfjaskl;dfjals;kdjflasjdf;laksdjflakjsdflkajsdfl;jas	4	282
84	Dill Herb	lajsdfljadslfjaldjf;lakjdfl;kasdjflkajsdf;lkajsdfl;kajsdfl;ajksdf;lkjasdkl;fjasl;dfjaskl;dfjals;kdjflasjdf;laksdjflakjsdflkajsdfl;jas	4	282
85	Mixed Herbs	lajsdfljadslfjaldjf;lakjdfl;kasdjflkajsdf;lkajsdfl;kajsdfl;ajksdf;lkjasdkl;fjasl;dfjaskl;dfjals;kdjflasjdf;laksdjflakjsdflkajsdfl;jas	4	282
86	Green Cardamom	lajsdfljadslfjaldjf;lakjdfl;kasdjflkajsdf;lkajsdfl;kajsdfl;ajksdf;lkjasdkl;fjasl;dfjaskl;dfjals;kdjflasjdf;laksdjflakjsdflkajsdfl;jas	4	283
87	Rose Baie	lajsdfljadslfjaldjf;lakjdfl;kasdjflkajsdf;lkajsdfl;kajsdfl;ajksdf;lkjasdkl;fjasl;dfjaskl;dfjals;kdjflasjdf;laksdjflakjsdflkajsdfl;jas	4	283
88	Sesame Seed	lajsdfljadslfjaldjf;lakjdfl;kasdjflkajsdf;lkajsdfl;kajsdfl;ajksdf;lkjasdkl;fjasl;dfjaskl;dfjals;kdjflasjdf;laksdjflakjsdflkajsdfl;jas	4	283
89	Pickling Spice	lajsdfljadslfjaldjf;lakjdfl;kasdjflkajsdf;lkajsdfl;kajsdfl;ajksdf;lkjasdkl;fjasl;dfjaskl;dfjals;kdjflasjdf;laksdjflakjsdflkajsdfl;jas	4	283
90	Methi Leaves	lajsdfljadslfjaldjf;lakjdfl;kasdjflkajsdf;lkajsdfl;kajsdfl;ajksdf;lkjasdkl;fjasl;dfjaskl;dfjals;kdjflasjdf;laksdjflakjsdflkajsdfl;jas	4	283
91	Mixed Spice	lajsdfljadslfjaldjf;lakjdfl;kasdjflkajsdf;lkajsdfl;kajsdfl;ajksdf;lkjasdkl;fjasl;dfjaskl;dfjals;kdjflasjdf;laksdjflakjsdflkajsdfl;jas	4	284
92	Ajwan Seed	lajsdfljadslfjaldjf;lakjdfl;kasdjflkajsdf;lkajsdfl;kajsdfl;ajksdf;lkjasdkl;fjasl;dfjaskl;dfjals;kdjflasjdf;laksdjflakjsdflkajsdfl;jas	4	284
93	Poppy Seed	lajsdfljadslfjaldjf;lakjdfl;kasdjflkajsdf;lkajsdfl;kajsdfl;ajksdf;lkjasdkl;fjasl;dfjaskl;dfjals;kdjflasjdf;laksdjflakjsdflkajsdfl;jas	4	284
94	Tarragon	lajsdfljadslfjaldjf;lakjdfl;kasdjflkajsdf;lkajsdfl;kajsdfl;ajksdf;lkjasdkl;fjasl;dfjaskl;dfjals;kdjflasjdf;laksdjflakjsdflkajsdfl;jas	4	284
95	Rosemary	lajsdfljadslfjaldjf;lakjdfl;kasdjflkajsdf;lkajsdfl;kajsdfl;ajksdf;lkjasdkl;fjasl;dfjaskl;dfjals;kdjflasjdf;laksdjflakjsdflkajsdfl;jas	4	284
96	Nutmeg Whole	lajsdfljadslfjaldjf;lakjdfl;kasdjflkajsdf;lkajsdfl;kajsdfl;ajksdf;lkjasdkl;fjasl;dfjaskl;dfjals;kdjflasjdf;laksdjflakjsdflkajsdfl;jas	4	285
97	Turmeric Powder	lajsdfljadslfjaldjf;lakjdfl;kasdjflkajsdf;lkajsdfl;kajsdfl;ajksdf;lkjasdkl;fjasl;dfjaskl;dfjals;kdjflasjdf;laksdjflakjsdflkajsdfl;jas	4	285
98	Fajita Seasoning	lajsdfljadslfjaldjf;lakjdfl;kasdjflkajsdf;lkajsdfl;kajsdfl;ajksdf;lkjasdkl;fjasl;dfjaskl;dfjals;kdjflasjdf;laksdjflakjsdflkajsdfl;jas	4	285
99	Marjoram	lajsdfljadslfjaldjf;lakjdfl;kasdjflkajsdf;lkajsdfl;kajsdfl;ajksdf;lkjasdkl;fjasl;dfjaskl;dfjals;kdjflasjdf;laksdjflakjsdflkajsdfl;jas	4	285
100	French Lavender	lajsdfljadslfjaldjf;lakjdfl;kasdjflkajsdf;lkajsdfl;kajsdfl;ajksdf;lkjasdkl;fjasl;dfjaskl;dfjals;kdjflasjdf;laksdjflakjsdflkajsdfl;jas	4	285
101	Jerk Seasoning	lajsdfljadslfjaldjf;lakjdfl;kasdjflkajsdf;lkajsdfl;kajsdfl;ajksdf;lkjasdkl;fjasl;dfjaskl;dfjals;kdjflasjdf;laksdjflakjsdflkajsdfl;jas	4	286
102	Fish Seasoning	lajsdfljadslfjaldjf;lakjdfl;kasdjflkajsdf;lkajsdfl;kajsdfl;ajksdf;lkjasdkl;fjasl;dfjaskl;dfjals;kdjflasjdf;laksdjflakjsdflkajsdfl;jas	4	286
103	Pickling Spice	lajsdfljadslfjaldjf;lakjdfl;kasdjflkajsdf;lkajsdfl;kajsdfl;ajksdf;lkjasdkl;fjasl;dfjaskl;dfjals;kdjflasjdf;laksdjflakjsdflkajsdfl;jas	4	286
104	Zahtar Spice Mix	lajsdfljadslfjaldjf;lakjdfl;kasdjflkajsdf;lkajsdfl;kajsdfl;ajksdf;lkjasdkl;fjasl;dfjaskl;dfjals;kdjflasjdf;laksdjflakjsdflkajsdfl;jas	4	286
105	Mulled Wine Spices	lajsdfljadslfjaldjf;lakjdfl;kasdjflkajsdf;lkajsdfl;kajsdfl;ajksdf;lkjasdkl;fjasl;dfjaskl;dfjals;kdjflasjdf;laksdjflakjsdflkajsdfl;jas	4	286
106	Peppercorns Szechwan	lajsdfljadslfjaldjf;lakjdfl;kasdjflkajsdf;lkajsdfl;kajsdfl;ajksdf;lkjasdkl;fjasl;dfjaskl;dfjals;kdjflasjdf;laksdjflakjsdflkajsdfl;jas	4	287
107	Curry Hot	lajsdfljadslfjaldjf;lakjdfl;kasdjflkajsdf;lkajsdfl;kajsdfl;ajksdf;lkjasdkl;fjasl;dfjaskl;dfjals;kdjflasjdf;laksdjflakjsdflkajsdfl;jas	4	287
108	Cayenne Pepper	lajsdfljadslfjaldjf;lakjdfl;kasdjflkajsdf;lkajsdfl;kajsdfl;ajksdf;lkjasdkl;fjasl;dfjaskl;dfjals;kdjflasjdf;laksdjflakjsdflkajsdfl;jas	4	287
109	Methi Leaves	lajsdfljadslfjaldjf;lakjdfl;kasdjflkajsdf;lkajsdfl;kajsdfl;ajksdf;lkjasdkl;fjasl;dfjaskl;dfjals;kdjflasjdf;laksdjflakjsdflkajsdfl;jas	4	287
110	Mace Ground	lajsdfljadslfjaldjf;lakjdfl;kasdjflkajsdf;lkajsdfl;kajsdfl;ajksdf;lkjasdkl;fjasl;dfjaskl;dfjals;kdjflasjdf;laksdjflakjsdflkajsdfl;jas	4	287
111	Mulled Cider Spices	lajsdfljadslfjaldjf;lakjdfl;kasdjflkajsdf;lkajsdfl;kajsdfl;ajksdf;lkjasdkl;fjasl;dfjaskl;dfjals;kdjflasjdf;laksdjflakjsdflkajsdfl;jas	4	288
112	Cumin Seed	lajsdfljadslfjaldjf;lakjdfl;kasdjflkajsdf;lkajsdfl;kajsdfl;ajksdf;lkjasdkl;fjasl;dfjaskl;dfjals;kdjflasjdf;laksdjflakjsdflkajsdfl;jas	4	288
113	Cloves Whole	lajsdfljadslfjaldjf;lakjdfl;kasdjflkajsdf;lkajsdfl;kajsdfl;ajksdf;lkjasdkl;fjasl;dfjaskl;dfjals;kdjflasjdf;laksdjflakjsdflkajsdfl;jas	4	288
114	Curry Madras Medium	lajsdfljadslfjaldjf;lakjdfl;kasdjflkajsdf;lkajsdfl;kajsdfl;ajksdf;lkjasdkl;fjasl;dfjaskl;dfjals;kdjflasjdf;laksdjflakjsdflkajsdfl;jas	4	288
115	Dill Seed	lajsdfljadslfjaldjf;lakjdfl;kasdjflkajsdf;lkajsdfl;kajsdfl;ajksdf;lkjasdkl;fjasl;dfjaskl;dfjals;kdjflasjdf;laksdjflakjsdflkajsdfl;jas	4	288
116	Poppy Seed	lajsdfljadslfjaldjf;lakjdfl;kasdjflkajsdf;lkajsdfl;kajsdfl;ajksdf;lkjasdkl;fjasl;dfjaskl;dfjals;kdjflasjdf;laksdjflakjsdflkajsdfl;jas	4	289
117	Lemon Pepper	lajsdfljadslfjaldjf;lakjdfl;kasdjflkajsdf;lkajsdfl;kajsdfl;ajksdf;lkjasdkl;fjasl;dfjaskl;dfjals;kdjflasjdf;laksdjflakjsdflkajsdfl;jas	4	289
118	Chicken Seasoning	lajsdfljadslfjaldjf;lakjdfl;kasdjflkajsdf;lkajsdfl;kajsdfl;ajksdf;lkjasdkl;fjasl;dfjaskl;dfjals;kdjflasjdf;laksdjflakjsdflkajsdfl;jas	4	289
119	Celery Leaf	lajsdfljadslfjaldjf;lakjdfl;kasdjflkajsdf;lkajsdfl;kajsdfl;ajksdf;lkjasdkl;fjasl;dfjaskl;dfjals;kdjflasjdf;laksdjflakjsdflkajsdfl;jas	4	289
120	Dill Herb	lajsdfljadslfjaldjf;lakjdfl;kasdjflkajsdf;lkajsdfl;kajsdfl;ajksdf;lkjasdkl;fjasl;dfjaskl;dfjals;kdjflasjdf;laksdjflakjsdflkajsdfl;jas	4	289
121	Pepper Black Coarse	lajsdfljadslfjaldjf;lakjdfl;kasdjflkajsdf;lkajsdfl;kajsdfl;ajksdf;lkjasdkl;fjasl;dfjaskl;dfjals;kdjflasjdf;laksdjflakjsdflkajsdfl;jas	4	290
122	Cinnamon Sticks	lajsdfljadslfjaldjf;lakjdfl;kasdjflkajsdf;lkajsdfl;kajsdfl;ajksdf;lkjasdkl;fjasl;dfjaskl;dfjals;kdjflasjdf;laksdjflakjsdflkajsdfl;jas	4	290
123	Thyme	lajsdfljadslfjaldjf;lakjdfl;kasdjflkajsdf;lkajsdfl;kajsdfl;ajksdf;lkjasdkl;fjasl;dfjaskl;dfjals;kdjflasjdf;laksdjflakjsdflkajsdfl;jas	4	290
124	French Lavender	lajsdfljadslfjaldjf;lakjdfl;kasdjflkajsdf;lkajsdfl;kajsdfl;ajksdf;lkjasdkl;fjasl;dfjaskl;dfjals;kdjflasjdf;laksdjflakjsdflkajsdfl;jas	4	290
125	Peppercorns Cracked Black	lajsdfljadslfjaldjf;lakjdfl;kasdjflkajsdf;lkajsdfl;kajsdfl;ajksdf;lkjasdkl;fjasl;dfjaskl;dfjals;kdjflasjdf;laksdjflakjsdflkajsdfl;jas	4	290
126	Mace Ground	lajsdfljadslfjaldjf;lakjdfl;kasdjflkajsdf;lkajsdfl;kajsdfl;ajksdf;lkjasdkl;fjasl;dfjaskl;dfjals;kdjflasjdf;laksdjflakjsdflkajsdfl;jas	4	291
127	Pepper Black Coarse	lajsdfljadslfjaldjf;lakjdfl;kasdjflkajsdf;lkajsdfl;kajsdfl;ajksdf;lkjasdkl;fjasl;dfjaskl;dfjals;kdjflasjdf;laksdjflakjsdflkajsdfl;jas	4	291
128	Mixed Spice	lajsdfljadslfjaldjf;lakjdfl;kasdjflkajsdf;lkajsdfl;kajsdfl;ajksdf;lkjasdkl;fjasl;dfjaskl;dfjals;kdjflasjdf;laksdjflakjsdflkajsdfl;jas	4	291
129	Celery Salt	lajsdfljadslfjaldjf;lakjdfl;kasdjflkajsdf;lkajsdfl;kajsdfl;ajksdf;lkjasdkl;fjasl;dfjaskl;dfjals;kdjflasjdf;laksdjflakjsdflkajsdfl;jas	4	291
130	Spice Charts	lajsdfljadslfjaldjf;lakjdfl;kasdjflkajsdf;lkajsdfl;kajsdfl;ajksdf;lkjasdkl;fjasl;dfjaskl;dfjals;kdjflasjdf;laksdjflakjsdflkajsdfl;jas	4	291
131	Pepper White Ground	lajsdfljadslfjaldjf;lakjdfl;kasdjflkajsdf;lkajsdfl;kajsdfl;ajksdf;lkjasdkl;fjasl;dfjaskl;dfjals;kdjflasjdf;laksdjflakjsdflkajsdfl;jas	4	292
132	Zahtar Spice Mix	lajsdfljadslfjaldjf;lakjdfl;kasdjflkajsdf;lkajsdfl;kajsdfl;ajksdf;lkjasdkl;fjasl;dfjaskl;dfjals;kdjflasjdf;laksdjflakjsdflkajsdfl;jas	4	292
133	Cinnamon Bark	lajsdfljadslfjaldjf;lakjdfl;kasdjflkajsdf;lkajsdfl;kajsdfl;ajksdf;lkjasdkl;fjasl;dfjaskl;dfjals;kdjflasjdf;laksdjflakjsdflkajsdfl;jas	4	292
134	Cinnamon Bark	lajsdfljadslfjaldjf;lakjdfl;kasdjflkajsdf;lkajsdfl;kajsdfl;ajksdf;lkjasdkl;fjasl;dfjaskl;dfjals;kdjflasjdf;laksdjflakjsdflkajsdfl;jas	4	292
135	Asafoetida	lajsdfljadslfjaldjf;lakjdfl;kasdjflkajsdf;lkajsdfl;kajsdfl;ajksdf;lkjasdkl;fjasl;dfjaskl;dfjals;kdjflasjdf;laksdjflakjsdflkajsdfl;jas	4	292
136	Sage	lajsdfljadslfjaldjf;lakjdfl;kasdjflkajsdf;lkajsdfl;kajsdfl;ajksdf;lkjasdkl;fjasl;dfjaskl;dfjals;kdjflasjdf;laksdjflakjsdflkajsdfl;jas	4	293
137	Zahtar Spice Mix	lajsdfljadslfjaldjf;lakjdfl;kasdjflkajsdf;lkajsdfl;kajsdfl;ajksdf;lkjasdkl;fjasl;dfjaskl;dfjals;kdjflasjdf;laksdjflakjsdflkajsdfl;jas	4	293
138	Mulled Wine Spices	lajsdfljadslfjaldjf;lakjdfl;kasdjflkajsdf;lkajsdfl;kajsdfl;ajksdf;lkjasdkl;fjasl;dfjaskl;dfjals;kdjflasjdf;laksdjflakjsdflkajsdfl;jas	4	293
139	Tandoori Masala	lajsdfljadslfjaldjf;lakjdfl;kasdjflkajsdf;lkajsdfl;kajsdfl;ajksdf;lkjasdkl;fjasl;dfjaskl;dfjals;kdjflasjdf;laksdjflakjsdflkajsdfl;jas	4	293
140	Cumin Seed Royal	lajsdfljadslfjaldjf;lakjdfl;kasdjflkajsdf;lkajsdfl;kajsdfl;ajksdf;lkjasdkl;fjasl;dfjaskl;dfjals;kdjflasjdf;laksdjflakjsdflkajsdfl;jas	4	293
141	Saffron	lajsdfljadslfjaldjf;lakjdfl;kasdjflkajsdf;lkajsdfl;kajsdfl;ajksdf;lkjasdkl;fjasl;dfjaskl;dfjals;kdjflasjdf;laksdjflakjsdflkajsdfl;jas	4	294
142	Herbes de Provence	lajsdfljadslfjaldjf;lakjdfl;kasdjflkajsdf;lkajsdfl;kajsdfl;ajksdf;lkjasdkl;fjasl;dfjaskl;dfjals;kdjflasjdf;laksdjflakjsdflkajsdfl;jas	4	294
143	Rose Baie	lajsdfljadslfjaldjf;lakjdfl;kasdjflkajsdf;lkajsdfl;kajsdfl;ajksdf;lkjasdkl;fjasl;dfjaskl;dfjals;kdjflasjdf;laksdjflakjsdflkajsdfl;jas	4	294
144	Spice Charts	lajsdfljadslfjaldjf;lakjdfl;kasdjflkajsdf;lkajsdfl;kajsdfl;ajksdf;lkjasdkl;fjasl;dfjaskl;dfjals;kdjflasjdf;laksdjflakjsdflkajsdfl;jas	4	294
145	Mustard Powder	lajsdfljadslfjaldjf;lakjdfl;kasdjflkajsdf;lkajsdfl;kajsdfl;ajksdf;lkjasdkl;fjasl;dfjaskl;dfjals;kdjflasjdf;laksdjflakjsdflkajsdfl;jas	4	294
146	Mustard Seed Black	lajsdfljadslfjaldjf;lakjdfl;kasdjflkajsdf;lkajsdfl;kajsdfl;ajksdf;lkjasdkl;fjasl;dfjaskl;dfjals;kdjflasjdf;laksdjflakjsdflkajsdfl;jas	4	295
147	Chicken Seasoning	lajsdfljadslfjaldjf;lakjdfl;kasdjflkajsdf;lkajsdfl;kajsdfl;ajksdf;lkjasdkl;fjasl;dfjaskl;dfjals;kdjflasjdf;laksdjflakjsdflkajsdfl;jas	4	295
148	Saffron	lajsdfljadslfjaldjf;lakjdfl;kasdjflkajsdf;lkajsdfl;kajsdfl;ajksdf;lkjasdkl;fjasl;dfjaskl;dfjals;kdjflasjdf;laksdjflakjsdflkajsdfl;jas	4	295
149	Thai Creen Curry Mix	lajsdfljadslfjaldjf;lakjdfl;kasdjflkajsdf;lkajsdfl;kajsdfl;ajksdf;lkjasdkl;fjasl;dfjaskl;dfjals;kdjflasjdf;laksdjflakjsdflkajsdfl;jas	4	295
150	Fines Herbes	lajsdfljadslfjaldjf;lakjdfl;kasdjflkajsdf;lkajsdfl;kajsdfl;ajksdf;lkjasdkl;fjasl;dfjaskl;dfjals;kdjflasjdf;laksdjflakjsdflkajsdfl;jas	4	295
151	Pickling Spice	lajsdfljadslfjaldjf;lakjdfl;kasdjflkajsdf;lkajsdfl;kajsdfl;ajksdf;lkjasdkl;fjasl;dfjaskl;dfjals;kdjflasjdf;laksdjflakjsdflkajsdfl;jas	4	296
152	Celery Leaf	lajsdfljadslfjaldjf;lakjdfl;kasdjflkajsdf;lkajsdfl;kajsdfl;ajksdf;lkjasdkl;fjasl;dfjaskl;dfjals;kdjflasjdf;laksdjflakjsdflkajsdfl;jas	4	296
153	Dill Leaf	lajsdfljadslfjaldjf;lakjdfl;kasdjflkajsdf;lkajsdfl;kajsdfl;ajksdf;lkjasdkl;fjasl;dfjaskl;dfjals;kdjflasjdf;laksdjflakjsdflkajsdfl;jas	4	296
154	Basil	lajsdfljadslfjaldjf;lakjdfl;kasdjflkajsdf;lkajsdfl;kajsdfl;ajksdf;lkjasdkl;fjasl;dfjaskl;dfjals;kdjflasjdf;laksdjflakjsdflkajsdfl;jas	4	296
155	Mustard Powder	lajsdfljadslfjaldjf;lakjdfl;kasdjflkajsdf;lkajsdfl;kajsdfl;ajksdf;lkjasdkl;fjasl;dfjaskl;dfjals;kdjflasjdf;laksdjflakjsdflkajsdfl;jas	4	296
156	Garlic Chips	lajsdfljadslfjaldjf;lakjdfl;kasdjflkajsdf;lkajsdfl;kajsdfl;ajksdf;lkjasdkl;fjasl;dfjaskl;dfjals;kdjflasjdf;laksdjflakjsdflkajsdfl;jas	4	297
157	Mustard Seed White	lajsdfljadslfjaldjf;lakjdfl;kasdjflkajsdf;lkajsdfl;kajsdfl;ajksdf;lkjasdkl;fjasl;dfjaskl;dfjals;kdjflasjdf;laksdjflakjsdflkajsdfl;jas	4	297
158	Methi Leaves	lajsdfljadslfjaldjf;lakjdfl;kasdjflkajsdf;lkajsdfl;kajsdfl;ajksdf;lkjasdkl;fjasl;dfjaskl;dfjals;kdjflasjdf;laksdjflakjsdflkajsdfl;jas	4	297
159	Paella Seasoning	lajsdfljadslfjaldjf;lakjdfl;kasdjflkajsdf;lkajsdfl;kajsdfl;ajksdf;lkjasdkl;fjasl;dfjaskl;dfjals;kdjflasjdf;laksdjflakjsdflkajsdfl;jas	4	297
160	Jalfrezi Curry Powder	lajsdfljadslfjaldjf;lakjdfl;kasdjflkajsdf;lkajsdfl;kajsdfl;ajksdf;lkjasdkl;fjasl;dfjaskl;dfjals;kdjflasjdf;laksdjflakjsdflkajsdfl;jas	4	297
161	Ajwain Seed	lajsdfljadslfjaldjf;lakjdfl;kasdjflkajsdf;lkajsdfl;kajsdfl;ajksdf;lkjasdkl;fjasl;dfjaskl;dfjals;kdjflasjdf;laksdjflakjsdflkajsdfl;jas	4	298
162	Methi	lajsdfljadslfjaldjf;lakjdfl;kasdjflkajsdf;lkajsdfl;kajsdfl;ajksdf;lkjasdkl;fjasl;dfjaskl;dfjals;kdjflasjdf;laksdjflakjsdflkajsdfl;jas	4	298
163	Thyme	lajsdfljadslfjaldjf;lakjdfl;kasdjflkajsdf;lkajsdfl;kajsdfl;ajksdf;lkjasdkl;fjasl;dfjaskl;dfjals;kdjflasjdf;laksdjflakjsdflkajsdfl;jas	4	298
164	Spice Charts	lajsdfljadslfjaldjf;lakjdfl;kasdjflkajsdf;lkajsdfl;kajsdfl;ajksdf;lkjasdkl;fjasl;dfjaskl;dfjals;kdjflasjdf;laksdjflakjsdflkajsdfl;jas	4	298
165	Chillies Whole	lajsdfljadslfjaldjf;lakjdfl;kasdjflkajsdf;lkajsdfl;kajsdfl;ajksdf;lkjasdkl;fjasl;dfjaskl;dfjals;kdjflasjdf;laksdjflakjsdflkajsdfl;jas	4	298
166	Coriander Leaf	lajsdfljadslfjaldjf;lakjdfl;kasdjflkajsdf;lkajsdfl;kajsdfl;ajksdf;lkjasdkl;fjasl;dfjaskl;dfjals;kdjflasjdf;laksdjflakjsdflkajsdfl;jas	4	299
167	Cajun Seasoning	lajsdfljadslfjaldjf;lakjdfl;kasdjflkajsdf;lkajsdfl;kajsdfl;ajksdf;lkjasdkl;fjasl;dfjaskl;dfjals;kdjflasjdf;laksdjflakjsdflkajsdfl;jas	4	299
168	Mace Whole	lajsdfljadslfjaldjf;lakjdfl;kasdjflkajsdf;lkajsdfl;kajsdfl;ajksdf;lkjasdkl;fjasl;dfjaskl;dfjals;kdjflasjdf;laksdjflakjsdflkajsdfl;jas	4	299
169	Nutmeg Whole	lajsdfljadslfjaldjf;lakjdfl;kasdjflkajsdf;lkajsdfl;kajsdfl;ajksdf;lkjasdkl;fjasl;dfjaskl;dfjals;kdjflasjdf;laksdjflakjsdflkajsdfl;jas	4	299
170	Onion Seed	lajsdfljadslfjaldjf;lakjdfl;kasdjflkajsdf;lkajsdfl;kajsdfl;ajksdf;lkjasdkl;fjasl;dfjaskl;dfjals;kdjflasjdf;laksdjflakjsdflkajsdfl;jas	4	299
171	Fines Herbes	lajsdfljadslfjaldjf;lakjdfl;kasdjflkajsdf;lkajsdfl;kajsdfl;ajksdf;lkjasdkl;fjasl;dfjaskl;dfjals;kdjflasjdf;laksdjflakjsdflkajsdfl;jas	4	300
172	Vanilla Bean	lajsdfljadslfjaldjf;lakjdfl;kasdjflkajsdf;lkajsdfl;kajsdfl;ajksdf;lkjasdkl;fjasl;dfjaskl;dfjals;kdjflasjdf;laksdjflakjsdflkajsdfl;jas	4	300
173	Mace Ground	lajsdfljadslfjaldjf;lakjdfl;kasdjflkajsdf;lkajsdfl;kajsdfl;ajksdf;lkjasdkl;fjasl;dfjaskl;dfjals;kdjflasjdf;laksdjflakjsdflkajsdfl;jas	4	300
174	Cumin Seed Royal	lajsdfljadslfjaldjf;lakjdfl;kasdjflkajsdf;lkajsdfl;kajsdfl;ajksdf;lkjasdkl;fjasl;dfjaskl;dfjals;kdjflasjdf;laksdjflakjsdflkajsdfl;jas	4	300
175	Paprika Smoked	lajsdfljadslfjaldjf;lakjdfl;kasdjflkajsdf;lkajsdfl;kajsdfl;ajksdf;lkjasdkl;fjasl;dfjaskl;dfjals;kdjflasjdf;laksdjflakjsdflkajsdfl;jas	4	300
176	Paprika Hungarian	lajsdfljadslfjaldjf;lakjdfl;kasdjflkajsdf;lkajsdfl;kajsdfl;ajksdf;lkjasdkl;fjasl;dfjaskl;dfjals;kdjflasjdf;laksdjflakjsdflkajsdfl;jas	4	301
177	Jerk Seasoning	lajsdfljadslfjaldjf;lakjdfl;kasdjflkajsdf;lkajsdfl;kajsdfl;ajksdf;lkjasdkl;fjasl;dfjaskl;dfjals;kdjflasjdf;laksdjflakjsdflkajsdfl;jas	4	301
178	Ras-el-Hanout	lajsdfljadslfjaldjf;lakjdfl;kasdjflkajsdf;lkajsdfl;kajsdfl;ajksdf;lkjasdkl;fjasl;dfjaskl;dfjals;kdjflasjdf;laksdjflakjsdflkajsdfl;jas	4	301
179	Pot Marjoram	lajsdfljadslfjaldjf;lakjdfl;kasdjflkajsdf;lkajsdfl;kajsdfl;ajksdf;lkjasdkl;fjasl;dfjaskl;dfjals;kdjflasjdf;laksdjflakjsdflkajsdfl;jas	4	301
180	Cinnamon Bark	lajsdfljadslfjaldjf;lakjdfl;kasdjflkajsdf;lkajsdfl;kajsdfl;ajksdf;lkjasdkl;fjasl;dfjaskl;dfjals;kdjflasjdf;laksdjflakjsdflkajsdfl;jas	4	301
181	Peppercorns Mixed	lajsdfljadslfjaldjf;lakjdfl;kasdjflkajsdf;lkajsdfl;kajsdfl;ajksdf;lkjasdkl;fjasl;dfjaskl;dfjals;kdjflasjdf;laksdjflakjsdflkajsdfl;jas	4	302
182	Peppercorns Szechwan	lajsdfljadslfjaldjf;lakjdfl;kasdjflkajsdf;lkajsdfl;kajsdfl;ajksdf;lkjasdkl;fjasl;dfjaskl;dfjals;kdjflasjdf;laksdjflakjsdflkajsdfl;jas	4	302
183	Garlic Chips	lajsdfljadslfjaldjf;lakjdfl;kasdjflkajsdf;lkajsdfl;kajsdfl;ajksdf;lkjasdkl;fjasl;dfjaskl;dfjals;kdjflasjdf;laksdjflakjsdflkajsdfl;jas	4	302
184	Saffron	lajsdfljadslfjaldjf;lakjdfl;kasdjflkajsdf;lkajsdfl;kajsdfl;ajksdf;lkjasdkl;fjasl;dfjaskl;dfjals;kdjflasjdf;laksdjflakjsdflkajsdfl;jas	4	302
185	Vegetable Seasoning	lajsdfljadslfjaldjf;lakjdfl;kasdjflkajsdf;lkajsdfl;kajsdfl;ajksdf;lkjasdkl;fjasl;dfjaskl;dfjals;kdjflasjdf;laksdjflakjsdflkajsdfl;jas	4	302
186	Cumin Seed Royal	lajsdfljadslfjaldjf;lakjdfl;kasdjflkajsdf;lkajsdfl;kajsdfl;ajksdf;lkjasdkl;fjasl;dfjaskl;dfjals;kdjflasjdf;laksdjflakjsdflkajsdfl;jas	4	303
187	Spearmint	lajsdfljadslfjaldjf;lakjdfl;kasdjflkajsdf;lkajsdfl;kajsdfl;ajksdf;lkjasdkl;fjasl;dfjaskl;dfjals;kdjflasjdf;laksdjflakjsdflkajsdfl;jas	4	303
188	Fenugreek Seed	lajsdfljadslfjaldjf;lakjdfl;kasdjflkajsdf;lkajsdfl;kajsdfl;ajksdf;lkjasdkl;fjasl;dfjaskl;dfjals;kdjflasjdf;laksdjflakjsdflkajsdfl;jas	4	303
189	Anise Star	lajsdfljadslfjaldjf;lakjdfl;kasdjflkajsdf;lkajsdfl;kajsdfl;ajksdf;lkjasdkl;fjasl;dfjaskl;dfjals;kdjflasjdf;laksdjflakjsdflkajsdfl;jas	4	303
190	Tagine Seasoning	lajsdfljadslfjaldjf;lakjdfl;kasdjflkajsdf;lkajsdfl;kajsdfl;ajksdf;lkjasdkl;fjasl;dfjaskl;dfjals;kdjflasjdf;laksdjflakjsdflkajsdfl;jas	4	303
191	Cloves Ground	lajsdfljadslfjaldjf;lakjdfl;kasdjflkajsdf;lkajsdfl;kajsdfl;ajksdf;lkjasdkl;fjasl;dfjaskl;dfjals;kdjflasjdf;laksdjflakjsdflkajsdfl;jas	4	304
192	Spice Charts	lajsdfljadslfjaldjf;lakjdfl;kasdjflkajsdf;lkajsdfl;kajsdfl;ajksdf;lkjasdkl;fjasl;dfjaskl;dfjals;kdjflasjdf;laksdjflakjsdflkajsdfl;jas	4	304
193	Thyme	lajsdfljadslfjaldjf;lakjdfl;kasdjflkajsdf;lkajsdfl;kajsdfl;ajksdf;lkjasdkl;fjasl;dfjaskl;dfjals;kdjflasjdf;laksdjflakjsdflkajsdfl;jas	4	304
194	Pizza Topping Mix	lajsdfljadslfjaldjf;lakjdfl;kasdjflkajsdf;lkajsdfl;kajsdfl;ajksdf;lkjasdkl;fjasl;dfjaskl;dfjals;kdjflasjdf;laksdjflakjsdflkajsdfl;jas	4	304
195	Cinnamon Ground	lajsdfljadslfjaldjf;lakjdfl;kasdjflkajsdf;lkajsdfl;kajsdfl;ajksdf;lkjasdkl;fjasl;dfjaskl;dfjals;kdjflasjdf;laksdjflakjsdflkajsdfl;jas	4	304
196	Nutmeg Whole	lajsdfljadslfjaldjf;lakjdfl;kasdjflkajsdf;lkajsdfl;kajsdfl;ajksdf;lkjasdkl;fjasl;dfjaskl;dfjals;kdjflasjdf;laksdjflakjsdflkajsdfl;jas	4	305
197	Curry Mild	lajsdfljadslfjaldjf;lakjdfl;kasdjflkajsdf;lkajsdfl;kajsdfl;ajksdf;lkjasdkl;fjasl;dfjaskl;dfjals;kdjflasjdf;laksdjflakjsdflkajsdfl;jas	4	305
198	Cassia Bark	lajsdfljadslfjaldjf;lakjdfl;kasdjflkajsdf;lkajsdfl;kajsdfl;ajksdf;lkjasdkl;fjasl;dfjaskl;dfjals;kdjflasjdf;laksdjflakjsdflkajsdfl;jas	4	305
199	Peppercorns White	lajsdfljadslfjaldjf;lakjdfl;kasdjflkajsdf;lkajsdfl;kajsdfl;ajksdf;lkjasdkl;fjasl;dfjaskl;dfjals;kdjflasjdf;laksdjflakjsdflkajsdfl;jas	4	305
200	Cayenne Pepper	lajsdfljadslfjaldjf;lakjdfl;kasdjflkajsdf;lkajsdfl;kajsdfl;ajksdf;lkjasdkl;fjasl;dfjaskl;dfjals;kdjflasjdf;laksdjflakjsdflkajsdfl;jas	4	305
201	Curry Hot	lajsdfljadslfjaldjf;lakjdfl;kasdjflkajsdf;lkajsdfl;kajsdfl;ajksdf;lkjasdkl;fjasl;dfjaskl;dfjals;kdjflasjdf;laksdjflakjsdflkajsdfl;jas	4	306
202	Cloves Ground	lajsdfljadslfjaldjf;lakjdfl;kasdjflkajsdf;lkajsdfl;kajsdfl;ajksdf;lkjasdkl;fjasl;dfjaskl;dfjals;kdjflasjdf;laksdjflakjsdflkajsdfl;jas	4	306
203	Bay Leaves Chopped	lajsdfljadslfjaldjf;lakjdfl;kasdjflkajsdf;lkajsdfl;kajsdfl;ajksdf;lkjasdkl;fjasl;dfjaskl;dfjals;kdjflasjdf;laksdjflakjsdflkajsdfl;jas	4	306
204	Celery Seed	lajsdfljadslfjaldjf;lakjdfl;kasdjflkajsdf;lkajsdfl;kajsdfl;ajksdf;lkjasdkl;fjasl;dfjaskl;dfjals;kdjflasjdf;laksdjflakjsdflkajsdfl;jas	4	306
205	Allspice Whole	lajsdfljadslfjaldjf;lakjdfl;kasdjflkajsdf;lkajsdfl;kajsdfl;ajksdf;lkjasdkl;fjasl;dfjaskl;dfjals;kdjflasjdf;laksdjflakjsdflkajsdfl;jas	4	306
206	Pepper White Ground	lajsdfljadslfjaldjf;lakjdfl;kasdjflkajsdf;lkajsdfl;kajsdfl;ajksdf;lkjasdkl;fjasl;dfjaskl;dfjals;kdjflasjdf;laksdjflakjsdflkajsdfl;jas	4	307
207	Chamomile	lajsdfljadslfjaldjf;lakjdfl;kasdjflkajsdf;lkajsdfl;kajsdfl;ajksdf;lkjasdkl;fjasl;dfjaskl;dfjals;kdjflasjdf;laksdjflakjsdflkajsdfl;jas	4	307
208	Rose Baie	lajsdfljadslfjaldjf;lakjdfl;kasdjflkajsdf;lkajsdfl;kajsdfl;ajksdf;lkjasdkl;fjasl;dfjaskl;dfjals;kdjflasjdf;laksdjflakjsdflkajsdfl;jas	4	307
209	Seasoning Salt	lajsdfljadslfjaldjf;lakjdfl;kasdjflkajsdf;lkajsdfl;kajsdfl;ajksdf;lkjasdkl;fjasl;dfjaskl;dfjals;kdjflasjdf;laksdjflakjsdflkajsdfl;jas	4	307
210	Pizza Topping Mix	lajsdfljadslfjaldjf;lakjdfl;kasdjflkajsdf;lkajsdfl;kajsdfl;ajksdf;lkjasdkl;fjasl;dfjaskl;dfjals;kdjflasjdf;laksdjflakjsdflkajsdfl;jas	4	307
211	Creole Seasoning	lajsdfljadslfjaldjf;lakjdfl;kasdjflkajsdf;lkajsdfl;kajsdfl;ajksdf;lkjasdkl;fjasl;dfjaskl;dfjals;kdjflasjdf;laksdjflakjsdflkajsdfl;jas	4	308
212	Mango Powder	lajsdfljadslfjaldjf;lakjdfl;kasdjflkajsdf;lkajsdfl;kajsdfl;ajksdf;lkjasdkl;fjasl;dfjaskl;dfjals;kdjflasjdf;laksdjflakjsdflkajsdfl;jas	4	308
213	Caraway Seed	lajsdfljadslfjaldjf;lakjdfl;kasdjflkajsdf;lkajsdfl;kajsdfl;ajksdf;lkjasdkl;fjasl;dfjaskl;dfjals;kdjflasjdf;laksdjflakjsdflkajsdfl;jas	4	308
214	Peppercorns Pink	lajsdfljadslfjaldjf;lakjdfl;kasdjflkajsdf;lkajsdfl;kajsdfl;ajksdf;lkjasdkl;fjasl;dfjaskl;dfjals;kdjflasjdf;laksdjflakjsdflkajsdfl;jas	4	308
215	Celery Seed	lajsdfljadslfjaldjf;lakjdfl;kasdjflkajsdf;lkajsdfl;kajsdfl;ajksdf;lkjasdkl;fjasl;dfjaskl;dfjals;kdjflasjdf;laksdjflakjsdflkajsdfl;jas	4	308
216	Cloves Whole	lajsdfljadslfjaldjf;lakjdfl;kasdjflkajsdf;lkajsdfl;kajsdfl;ajksdf;lkjasdkl;fjasl;dfjaskl;dfjals;kdjflasjdf;laksdjflakjsdflkajsdfl;jas	4	309
217	Kaffir Leaves	lajsdfljadslfjaldjf;lakjdfl;kasdjflkajsdf;lkajsdfl;kajsdfl;ajksdf;lkjasdkl;fjasl;dfjaskl;dfjals;kdjflasjdf;laksdjflakjsdflkajsdfl;jas	4	309
218	Poppy Seed	lajsdfljadslfjaldjf;lakjdfl;kasdjflkajsdf;lkajsdfl;kajsdfl;ajksdf;lkjasdkl;fjasl;dfjaskl;dfjals;kdjflasjdf;laksdjflakjsdflkajsdfl;jas	4	309
219	Paprika	lajsdfljadslfjaldjf;lakjdfl;kasdjflkajsdf;lkajsdfl;kajsdfl;ajksdf;lkjasdkl;fjasl;dfjaskl;dfjals;kdjflasjdf;laksdjflakjsdflkajsdfl;jas	4	309
220	Lime Leaves Ground	lajsdfljadslfjaldjf;lakjdfl;kasdjflkajsdf;lkajsdfl;kajsdfl;ajksdf;lkjasdkl;fjasl;dfjaskl;dfjals;kdjflasjdf;laksdjflakjsdflkajsdfl;jas	4	309
221	Celery Leaf	lajsdfljadslfjaldjf;lakjdfl;kasdjflkajsdf;lkajsdfl;kajsdfl;ajksdf;lkjasdkl;fjasl;dfjaskl;dfjals;kdjflasjdf;laksdjflakjsdflkajsdfl;jas	4	310
222	Peppercorns Cracked Black	lajsdfljadslfjaldjf;lakjdfl;kasdjflkajsdf;lkajsdfl;kajsdfl;ajksdf;lkjasdkl;fjasl;dfjaskl;dfjals;kdjflasjdf;laksdjflakjsdflkajsdfl;jas	4	310
223	Pot Marjoram	lajsdfljadslfjaldjf;lakjdfl;kasdjflkajsdf;lkajsdfl;kajsdfl;ajksdf;lkjasdkl;fjasl;dfjaskl;dfjals;kdjflasjdf;laksdjflakjsdflkajsdfl;jas	4	310
224	Caraway Seed	lajsdfljadslfjaldjf;lakjdfl;kasdjflkajsdf;lkajsdfl;kajsdfl;ajksdf;lkjasdkl;fjasl;dfjaskl;dfjals;kdjflasjdf;laksdjflakjsdflkajsdfl;jas	4	310
225	Jalfrezi Curry Powder	lajsdfljadslfjaldjf;lakjdfl;kasdjflkajsdf;lkajsdfl;kajsdfl;ajksdf;lkjasdkl;fjasl;dfjaskl;dfjals;kdjflasjdf;laksdjflakjsdflkajsdfl;jas	4	310
226	Caraway Seed	lajsdfljadslfjaldjf;lakjdfl;kasdjflkajsdf;lkajsdfl;kajsdfl;ajksdf;lkjasdkl;fjasl;dfjaskl;dfjals;kdjflasjdf;laksdjflakjsdflkajsdfl;jas	4	311
227	Asafoetida	lajsdfljadslfjaldjf;lakjdfl;kasdjflkajsdf;lkajsdfl;kajsdfl;ajksdf;lkjasdkl;fjasl;dfjaskl;dfjals;kdjflasjdf;laksdjflakjsdflkajsdfl;jas	4	311
228	Self Adhesive Spice Labels	lajsdfljadslfjaldjf;lakjdfl;kasdjflkajsdf;lkajsdfl;kajsdfl;ajksdf;lkjasdkl;fjasl;dfjaskl;dfjals;kdjflasjdf;laksdjflakjsdflkajsdfl;jas	4	311
229	Cardamom Ground	lajsdfljadslfjaldjf;lakjdfl;kasdjflkajsdf;lkajsdfl;kajsdfl;ajksdf;lkjasdkl;fjasl;dfjaskl;dfjals;kdjflasjdf;laksdjflakjsdflkajsdfl;jas	4	311
230	Rogan Josh Mix	lajsdfljadslfjaldjf;lakjdfl;kasdjflkajsdf;lkajsdfl;kajsdfl;ajksdf;lkjasdkl;fjasl;dfjaskl;dfjals;kdjflasjdf;laksdjflakjsdflkajsdfl;jas	4	311
231	Turmeric	lajsdfljadslfjaldjf;lakjdfl;kasdjflkajsdf;lkajsdfl;kajsdfl;ajksdf;lkjasdkl;fjasl;dfjaskl;dfjals;kdjflasjdf;laksdjflakjsdflkajsdfl;jas	4	312
232	Mango Powder	lajsdfljadslfjaldjf;lakjdfl;kasdjflkajsdf;lkajsdfl;kajsdfl;ajksdf;lkjasdkl;fjasl;dfjaskl;dfjals;kdjflasjdf;laksdjflakjsdflkajsdfl;jas	4	312
233	Sesame Seed	lajsdfljadslfjaldjf;lakjdfl;kasdjflkajsdf;lkajsdfl;kajsdfl;ajksdf;lkjasdkl;fjasl;dfjaskl;dfjals;kdjflasjdf;laksdjflakjsdflkajsdfl;jas	4	312
234	Lime Leaves	lajsdfljadslfjaldjf;lakjdfl;kasdjflkajsdf;lkajsdfl;kajsdfl;ajksdf;lkjasdkl;fjasl;dfjaskl;dfjals;kdjflasjdf;laksdjflakjsdflkajsdfl;jas	4	312
235	Chamomile	lajsdfljadslfjaldjf;lakjdfl;kasdjflkajsdf;lkajsdfl;kajsdfl;ajksdf;lkjasdkl;fjasl;dfjaskl;dfjals;kdjflasjdf;laksdjflakjsdflkajsdfl;jas	4	312
236	Thai Stir Fry	lajsdfljadslfjaldjf;lakjdfl;kasdjflkajsdf;lkajsdfl;kajsdfl;ajksdf;lkjasdkl;fjasl;dfjaskl;dfjals;kdjflasjdf;laksdjflakjsdflkajsdfl;jas	4	313
237	Jerk Seasoning	lajsdfljadslfjaldjf;lakjdfl;kasdjflkajsdf;lkajsdfl;kajsdfl;ajksdf;lkjasdkl;fjasl;dfjaskl;dfjals;kdjflasjdf;laksdjflakjsdflkajsdfl;jas	4	313
238	Biryani Spice Mix	lajsdfljadslfjaldjf;lakjdfl;kasdjflkajsdf;lkajsdfl;kajsdfl;ajksdf;lkjasdkl;fjasl;dfjaskl;dfjals;kdjflasjdf;laksdjflakjsdflkajsdfl;jas	4	313
239	French Lavender	lajsdfljadslfjaldjf;lakjdfl;kasdjflkajsdf;lkajsdfl;kajsdfl;ajksdf;lkjasdkl;fjasl;dfjaskl;dfjals;kdjflasjdf;laksdjflakjsdflkajsdfl;jas	4	313
240	Piri Piri Seasoning	lajsdfljadslfjaldjf;lakjdfl;kasdjflkajsdf;lkajsdfl;kajsdfl;ajksdf;lkjasdkl;fjasl;dfjaskl;dfjals;kdjflasjdf;laksdjflakjsdflkajsdfl;jas	4	313
241	Chillies Whole	lajsdfljadslfjaldjf;lakjdfl;kasdjflkajsdf;lkajsdfl;kajsdfl;ajksdf;lkjasdkl;fjasl;dfjaskl;dfjals;kdjflasjdf;laksdjflakjsdflkajsdfl;jas	4	314
242	Cajun Seasoning	lajsdfljadslfjaldjf;lakjdfl;kasdjflkajsdf;lkajsdfl;kajsdfl;ajksdf;lkjasdkl;fjasl;dfjaskl;dfjals;kdjflasjdf;laksdjflakjsdflkajsdfl;jas	4	314
243	Paprika Smoked	lajsdfljadslfjaldjf;lakjdfl;kasdjflkajsdf;lkajsdfl;kajsdfl;ajksdf;lkjasdkl;fjasl;dfjaskl;dfjals;kdjflasjdf;laksdjflakjsdflkajsdfl;jas	4	314
244	Cassia Bark	lajsdfljadslfjaldjf;lakjdfl;kasdjflkajsdf;lkajsdfl;kajsdfl;ajksdf;lkjasdkl;fjasl;dfjaskl;dfjals;kdjflasjdf;laksdjflakjsdflkajsdfl;jas	4	314
245	Amchoor	lajsdfljadslfjaldjf;lakjdfl;kasdjflkajsdf;lkajsdfl;kajsdfl;ajksdf;lkjasdkl;fjasl;dfjaskl;dfjals;kdjflasjdf;laksdjflakjsdflkajsdfl;jas	4	314
246	Coriander Seed	lajsdfljadslfjaldjf;lakjdfl;kasdjflkajsdf;lkajsdfl;kajsdfl;ajksdf;lkjasdkl;fjasl;dfjaskl;dfjals;kdjflasjdf;laksdjflakjsdflkajsdfl;jas	4	315
247	Ajwan Seed	lajsdfljadslfjaldjf;lakjdfl;kasdjflkajsdf;lkajsdfl;kajsdfl;ajksdf;lkjasdkl;fjasl;dfjaskl;dfjals;kdjflasjdf;laksdjflakjsdflkajsdfl;jas	4	315
248	Pickling Spice	lajsdfljadslfjaldjf;lakjdfl;kasdjflkajsdf;lkajsdfl;kajsdfl;ajksdf;lkjasdkl;fjasl;dfjaskl;dfjals;kdjflasjdf;laksdjflakjsdflkajsdfl;jas	4	315
249	Dhansak Spice Mix	lajsdfljadslfjaldjf;lakjdfl;kasdjflkajsdf;lkajsdfl;kajsdfl;ajksdf;lkjasdkl;fjasl;dfjaskl;dfjals;kdjflasjdf;laksdjflakjsdflkajsdfl;jas	4	315
250	Fenugreek Ground	lajsdfljadslfjaldjf;lakjdfl;kasdjflkajsdf;lkajsdfl;kajsdfl;ajksdf;lkjasdkl;fjasl;dfjaskl;dfjals;kdjflasjdf;laksdjflakjsdflkajsdfl;jas	4	315
251	Curry Thai Red	lajsdfljadslfjaldjf;lakjdfl;kasdjflkajsdf;lkajsdfl;kajsdfl;ajksdf;lkjasdkl;fjasl;dfjaskl;dfjals;kdjflasjdf;laksdjflakjsdflkajsdfl;jas	4	316
252	Baharat	lajsdfljadslfjaldjf;lakjdfl;kasdjflkajsdf;lkajsdfl;kajsdfl;ajksdf;lkjasdkl;fjasl;dfjaskl;dfjals;kdjflasjdf;laksdjflakjsdflkajsdfl;jas	4	316
253	Mulled Wine Spices	lajsdfljadslfjaldjf;lakjdfl;kasdjflkajsdf;lkajsdfl;kajsdfl;ajksdf;lkjasdkl;fjasl;dfjaskl;dfjals;kdjflasjdf;laksdjflakjsdflkajsdfl;jas	4	316
254	Tikka Masala Curry Powder	lajsdfljadslfjaldjf;lakjdfl;kasdjflkajsdf;lkajsdfl;kajsdfl;ajksdf;lkjasdkl;fjasl;dfjaskl;dfjals;kdjflasjdf;laksdjflakjsdflkajsdfl;jas	4	316
255	Cinnamon Ground	lajsdfljadslfjaldjf;lakjdfl;kasdjflkajsdf;lkajsdfl;kajsdfl;ajksdf;lkjasdkl;fjasl;dfjaskl;dfjals;kdjflasjdf;laksdjflakjsdflkajsdfl;jas	4	316
256	Baharat	lajsdfljadslfjaldjf;lakjdfl;kasdjflkajsdf;lkajsdfl;kajsdfl;ajksdf;lkjasdkl;fjasl;dfjaskl;dfjals;kdjflasjdf;laksdjflakjsdflkajsdfl;jas	4	317
257	Five Spice Mix	lajsdfljadslfjaldjf;lakjdfl;kasdjflkajsdf;lkajsdfl;kajsdfl;ajksdf;lkjasdkl;fjasl;dfjaskl;dfjals;kdjflasjdf;laksdjflakjsdflkajsdfl;jas	4	317
258	Mustard Seed Black	lajsdfljadslfjaldjf;lakjdfl;kasdjflkajsdf;lkajsdfl;kajsdfl;ajksdf;lkjasdkl;fjasl;dfjaskl;dfjals;kdjflasjdf;laksdjflakjsdflkajsdfl;jas	4	317
259	Vegetable Seasoning	lajsdfljadslfjaldjf;lakjdfl;kasdjflkajsdf;lkajsdfl;kajsdfl;ajksdf;lkjasdkl;fjasl;dfjaskl;dfjals;kdjflasjdf;laksdjflakjsdflkajsdfl;jas	4	317
260	Sea Salt Coarse	lajsdfljadslfjaldjf;lakjdfl;kasdjflkajsdf;lkajsdfl;kajsdfl;ajksdf;lkjasdkl;fjasl;dfjaskl;dfjals;kdjflasjdf;laksdjflakjsdflkajsdfl;jas	4	317
261	Tikka Masala	lajsdfljadslfjaldjf;lakjdfl;kasdjflkajsdf;lkajsdfl;kajsdfl;ajksdf;lkjasdkl;fjasl;dfjaskl;dfjals;kdjflasjdf;laksdjflakjsdflkajsdfl;jas	4	318
262	Coriander Ground	lajsdfljadslfjaldjf;lakjdfl;kasdjflkajsdf;lkajsdfl;kajsdfl;ajksdf;lkjasdkl;fjasl;dfjaskl;dfjals;kdjflasjdf;laksdjflakjsdflkajsdfl;jas	4	318
263	Mustard Seed Yellow	lajsdfljadslfjaldjf;lakjdfl;kasdjflkajsdf;lkajsdfl;kajsdfl;ajksdf;lkjasdkl;fjasl;dfjaskl;dfjals;kdjflasjdf;laksdjflakjsdflkajsdfl;jas	4	318
264	Tandoori Mix	lajsdfljadslfjaldjf;lakjdfl;kasdjflkajsdf;lkajsdfl;kajsdfl;ajksdf;lkjasdkl;fjasl;dfjaskl;dfjals;kdjflasjdf;laksdjflakjsdflkajsdfl;jas	4	318
265	Coriander Leaf	lajsdfljadslfjaldjf;lakjdfl;kasdjflkajsdf;lkajsdfl;kajsdfl;ajksdf;lkjasdkl;fjasl;dfjaskl;dfjals;kdjflasjdf;laksdjflakjsdflkajsdfl;jas	4	318
266	Ras-el-Hanout	lajsdfljadslfjaldjf;lakjdfl;kasdjflkajsdf;lkajsdfl;kajsdfl;ajksdf;lkjasdkl;fjasl;dfjaskl;dfjals;kdjflasjdf;laksdjflakjsdflkajsdfl;jas	4	319
267	Rose Baie	lajsdfljadslfjaldjf;lakjdfl;kasdjflkajsdf;lkajsdfl;kajsdfl;ajksdf;lkjasdkl;fjasl;dfjaskl;dfjals;kdjflasjdf;laksdjflakjsdflkajsdfl;jas	4	319
268	Cinnamon Ground	lajsdfljadslfjaldjf;lakjdfl;kasdjflkajsdf;lkajsdfl;kajsdfl;ajksdf;lkjasdkl;fjasl;dfjaskl;dfjals;kdjflasjdf;laksdjflakjsdflkajsdfl;jas	4	319
269	Spice Charts	lajsdfljadslfjaldjf;lakjdfl;kasdjflkajsdf;lkajsdfl;kajsdfl;ajksdf;lkjasdkl;fjasl;dfjaskl;dfjals;kdjflasjdf;laksdjflakjsdflkajsdfl;jas	4	319
270	Liquorice Root	lajsdfljadslfjaldjf;lakjdfl;kasdjflkajsdf;lkajsdfl;kajsdfl;ajksdf;lkjasdkl;fjasl;dfjaskl;dfjals;kdjflasjdf;laksdjflakjsdflkajsdfl;jas	4	319
272	Marcus	lasjdfljalksdjf;lajsdfl;jasd;lfjasldjf;lajsdf;lkajsdf;lajsdlfkjalsdjfalsdjflasdf	3	317
271	ddddd	laksjlfkja;lsdjf;laskjdf;ljas;ldkfjakls;jdfl;aksdjfl;kasdjfl;kasjdfl;kajsdfkl;ajsdfl;asd	2	280
\.


--
-- Data for Name: schema_migrations; Type: TABLE DATA; Schema: public; Owner: marcusjensen
--

COPY public.schema_migrations (version) FROM stdin;
20200117164933
20200117165904
20200117171233
\.


--
-- Name: products_id_seq; Type: SEQUENCE SET; Schema: public; Owner: marcusjensen
--

SELECT pg_catalog.setval('public.products_id_seq', 319, true);


--
-- Name: reviews_id_seq; Type: SEQUENCE SET; Schema: public; Owner: marcusjensen
--

SELECT pg_catalog.setval('public.reviews_id_seq', 272, true);


--
-- Name: ar_internal_metadata ar_internal_metadata_pkey; Type: CONSTRAINT; Schema: public; Owner: marcusjensen
--

ALTER TABLE ONLY public.ar_internal_metadata
    ADD CONSTRAINT ar_internal_metadata_pkey PRIMARY KEY (key);


--
-- Name: products products_pkey; Type: CONSTRAINT; Schema: public; Owner: marcusjensen
--

ALTER TABLE ONLY public.products
    ADD CONSTRAINT products_pkey PRIMARY KEY (id);


--
-- Name: reviews reviews_pkey; Type: CONSTRAINT; Schema: public; Owner: marcusjensen
--

ALTER TABLE ONLY public.reviews
    ADD CONSTRAINT reviews_pkey PRIMARY KEY (id);


--
-- Name: schema_migrations schema_migrations_pkey; Type: CONSTRAINT; Schema: public; Owner: marcusjensen
--

ALTER TABLE ONLY public.schema_migrations
    ADD CONSTRAINT schema_migrations_pkey PRIMARY KEY (version);


--
-- Name: reviews fk_rails_bedd9094d4; Type: FK CONSTRAINT; Schema: public; Owner: marcusjensen
--

ALTER TABLE ONLY public.reviews
    ADD CONSTRAINT fk_rails_bedd9094d4 FOREIGN KEY (product_id) REFERENCES public.products(id);


--
-- PostgreSQL database dump complete
--

